Accuracy,Sensitivity,Specificity,Precision,F1_Dice,IoU,AUC_ROC,AUC_PR,TP,TN,FP,FN,filename
0.9789923983008656,0.9040212443090699,0.9866474097191702,0.8736252225825528,0.888563362275372,0.799472801341577,0.9957828873749849,0.9645072049280695,16681,178301,2413,1771,100_D.png
0.9810822523911256,0.804976097348104,0.9896477377214987,0.7908838599479174,0.7978677579147114,0.6637104720947202,0.9829120108908893,0.8803928523084579,7409,187275,1959,1795,101_G.png
0.9745448296080138,0.8237733781979624,0.9849561491199571,0.7908496732020202,0.806975852816862,0.6764120028267837,0.9870879429247159,0.8940104986008754,10527,182275,2784,2252,102_G.png
0.966296131168516,0.7366374199664516,0.9934186942688873,0.9296701981199917,0.8219729043181568,0.697753818508222,0.9858710553898342,0.9315881701753248,15532,177361,1175,5553,103_G.png
0.9727318421713509,0.8272759144555175,0.9864218306605409,0.8515065856733918,0.8392163836279781,0.7229740080678532,0.9878263095928882,0.9243573480630999,14158,179367,2469,2956,104_G.png
0.9738088884636776,0.8820295392065964,0.9849283674090912,0.8763946113601794,0.8792030466280701,0.7844445365264225,0.9937104927704581,0.9585034059257712,18931,174484,2670,2532,105_G.png
0.9753450287691136,0.9228315490491925,0.9821756404207718,0.8707070707067117,0.8960118795076589,0.8116136966293334,0.9957245543532903,0.9708793856962364,21119,172803,3136,1766,106_G.png
0.966636468871057,0.8865251139673553,0.9778250669664061,0.8481062391950148,0.8668902230877158,0.7650540492643044,0.9912889636509903,0.9505839245606376,21586,170475,3866,2763,107_G.png
0.9875293184066362,0.7476217930228486,0.9961908528430186,0.8763304612250781,0.8068756319508384,0.6762711864397962,0.9858846119971623,0.8945037006944143,5187,191437,732,1751,108_G.png
0.9697944252096214,0.8795620437952141,0.9808070727402368,0.8483268725211209,0.8636621379480452,0.7600399201593772,0.9916121261996744,0.9443921893001879,19039,173953,3404,2607,109_G.png
0.973102660682753,0.818891576863416,0.988559462140362,0.8776664702410856,0.847260936344261,0.7349980260556973,0.9802573342687204,0.9233276582766291,14894,179384,2076,3294,10_A.png
0.9723688311165579,0.8564110445157234,0.9849850351964939,0.8612198640012048,0.8588087226771997,0.7525545802382387,0.9923194633737961,0.943644456229261,16718,176727,2694,2803,110_G.png
0.9719897815504197,0.7860896262615658,0.9892974345724751,0.8724198938464894,0.8270078886884815,0.7050413048079299,0.9731400995035541,0.8913732438129952,13314,179972,1947,3623,111_G.png
0.9769120714148483,0.9108042839138435,0.9839290291661938,0.8574605841937145,0.8833278175196958,0.7910359292354591,0.9951763527419611,0.9621926077245139,17349,176570,2884,1699,112_G.png
0.9796176664468701,0.5009359790331319,0.9970893289057654,0.8626692456451881,0.633822832779922,0.46393897364690717,0.9425147204091633,0.7365187494584757,2676,145932,426,2666,113_G.png
0.9829454368860548,0.5395364689834024,0.9969617798367227,0.8487935656813705,0.6597207751608045,0.49222636815843873,0.9720952602141668,0.7682984736085074,3166,185071,564,2702,114_G.png
0.9714384759148242,0.8543417366942427,0.9842538557150987,0.8558673469383388,0.855103861348068,0.7468833481742,0.9869607853711543,0.9367604513823714,16775,176584,2825,2860,115_G.png
0.9739474707482981,0.7963046128178634,0.9891249534082642,0.8621839399827298,0.8279358303035627,0.7063912127934059,0.9751458063496006,0.9061077283342258,12412,180452,1984,3175,116_G.png
0.9766311009302863,0.8656258712010785,0.9876223548441759,0.8738109979169956,0.8696991765164782,0.7694404519994203,0.9943428506591377,0.9529763575363401,15525,178891,2242,2410,117_G.png
0.9660549123519686,0.870694663457187,0.9791739217308835,0.8518879415343679,0.861188638975361,0.7562171123762862,0.9866344680950393,0.9420310463715551,20982,171517,3648,3116,118_G.png
0.9835722969645933,0.5232774674105712,0.9963342351458563,0.7982954545431867,0.6321709786269604,0.4621710526308188,0.9371577585898234,0.682347155647548,2810,192974,710,2560,119_G.png
0.9728625093913862,0.8382544193435585,0.9884844792021316,0.8941581462257133,0.8653042959425057,0.7625870908370525,0.9887127664967328,0.9439924257312691,17403,176829,2060,3358,11_A.png
0.9743905937777914,0.9055495742385702,0.982282614183952,0.8542147539466096,0.8791334093498482,0.7843336724310002,0.9943219019139391,0.9575454897023443,18504,175085,3158,1930,120_G.png
0.9850407909882334,0.7371214863062647,0.9958196085013009,0.8846098161272845,0.804158989207157,0.6724631300895085,0.9920589110131189,0.9062108356727303,6110,189855,797,2179,121_G.png
0.9906449405180765,0.06059009483635095,0.9996138564561676,0.602094240806173,0.11010052656720871,0.058257345491092925,0.854009676728082,0.15286393759960915,115,196742,76,1783,122_G.png
0.9780176604221688,0.0360766629085996,0.999541445117627,0.642570281098692,0.06831767719882938,0.03536693191857788,0.7796800148581471,0.18878826067982873,160,193999,89,4275,123_G.png
0.9821179620616443,0.8874634115956358,0.99043989618576,0.8908477119274251,0.8891523414342217,0.8004268943432004,0.9916716642385137,0.9568799085308372,14250,180888,1746,1807,124_G.png
0.9760724576356073,0.8952896538955695,0.9859415276081385,0.886105513829966,0.8906739090404874,0.8028963857418138,0.9930428803421818,0.9623836444278577,19349,174417,2487,2263,125_G.png
0.9771212683014331,0.8364473508602452,0.9885420504040897,0.8556313993168221,0.8459306249153576,0.7329980702878586,0.9829396890005075,0.920411306324245,12535,182473,2115,2451,126_G.png
0.9734108744956659,0.746242000297108,0.9898361079126093,0.8414869514132403,0.7910076907904591,0.6542702420560746,0.9848904203976679,0.8873612787733595,10028,183965,1889,3410,127_G.png
0.9730208605215646,0.7992330868250894,0.990551076679892,0.8950920245393281,0.8444508754157591,0.7307788630099019,0.9884352699610142,0.931440123890785,14590,179263,1710,3665,128_G.png
0.9719847289897537,0.7348895068046722,0.9894608530559755,0.8371259481530072,0.7826832404626183,0.6429577464784616,0.970524840200641,0.8642854511722625,10043,183450,1954,3623,129_G.png
0.9738089386651197,0.9001320256502734,0.9825787296615658,0.8601423808232584,0.8796829639185108,0.7852089503122799,0.9939492288479608,0.9579837667849843,19090,175069,3104,2118,12_A.png
0.9724257781304289,0.8602997327220024,0.9856130049902054,0.8755100058282127,0.867838228213561,0.7665320008501949,0.9876769307275022,0.9430365232011984,18025,175584,2563,2927,130_G.png
0.9705637994148525,0.8898211322142311,0.9804643117569694,0.8481413129445258,0.8684814398198272,0.7675361857798761,0.9924721900722792,0.9499545000423045,19302,173451,3456,2390,131_G.png
0.9734629360647256,0.8417355628763338,0.9850503062116696,0.8320122887859711,0.836845683208443,0.7194623027465493,0.9890891708027778,0.9261289784300736,13541,180146,2734,2546,132_G.png
0.9835552843224328,0.703353396387642,0.9946302946540281,0.8381147540969295,0.7648433847586373,0.6192278576827918,0.9641403541165905,0.8230009271959654,4908,175598,948,2070,133_G.png
0.9715628613079489,0.8588117965518075,0.9849105822693165,0.8707627118639875,0.8647459653315327,0.7617202308239915,0.9898255665956949,0.9468140663938314,18084,175189,2684,2973,134_G.png
0.9763875572867287,0.7257079871114755,0.9921621145749991,0.8535101715188935,0.7844377233980457,0.6453291110603594,0.9790469484993347,0.8726532019964485,8559,185954,1469,3235,135_G.png
0.9804626343476562,0.4407995899531167,0.9968463421718226,0.8092848180652156,0.5707333259588865,0.3993189908676686,0.931268510843423,0.6353509154155519,2580,192184,608,3273,136_G.png
0.9840749767581605,0.6441602993908558,0.9953941697562079,0.8232363491414444,0.7227714110745141,0.565890410958129,0.941116484040335,0.7622005312438376,4131,191695,887,2282,137_G.png
0.9880121937132574,0.623655913977358,0.9983370517269357,0.9139957264932853,0.741414797962581,0.5890859011867979,0.9563934477292627,0.7977712070131114,3422,193310,322,2065,138_G.png
0.9700987008815855,0.9084024812692707,0.9788780429087555,0.859549491176255,0.8833010203080738,0.7909929500891617,0.9928847033597709,0.9606049484981137,22552,170778,3685,2274,139_G.png
0.9751376514165093,0.8963384351433941,0.9849632102504076,0.8814153791507363,0.8888142726029394,0.7998791297337631,0.9950571074385914,0.9662216226531956,19853,174960,2671,2296,13_A.png
0.9759008284403916,0.8494193031631162,0.984370558293903,0.7844515126852692,0.8156437471155147,0.6886810831867727,0.9908366122654148,0.9119344034762218,10605,183529,2914,1880,140_G.png
0.9713335914986008,0.850366236483706,0.9849135761033179,0.8635328644432203,0.8568989756977162,0.7496266362115657,0.9890474285095845,0.936168450638429,17066,176073,2697,3003,141_G.png
0.965255004526659,0.8699512678612084,0.97847153018791,0.848573960682868,0.8591296545534364,0.7530475815962703,0.9896396387875157,0.9454788259532981,21065,170847,3759,3149,142_G.png
0.9606852360139816,0.8537116144108754,0.9758991259492203,0.8343770924412799,0.8439336294642066,0.7300044798233123,0.9855314777364136,0.9342489652978644,21184,170270,4205,3630,143_G.png
0.9809931722556257,0.7645966577256399,0.9921064202880365,0.8326218827220482,0.7971606797156393,0.662732474963642,0.9904966542449396,0.8882754970886302,7412,187271,1490,2282,144_G.png
0.9775841243344455,0.7658038825276683,0.986790217620563,0.7159143787799954,0.740019240018795,0.5873258255386644,0.9849399943213837,0.833219597284849,6154,182421,2442,1882,145_G.png
