Step,Seeds,F1_Dice,Sensitivity,Precision,AUC_ROC,clDice,hires_F1_Dice
U-Net,3,0.8344 ± 0.0034,0.8247 ± 0.0078,0.8573 ± 0.0047,0.9847 ± 0.0008,0.8593 ± 0.0026,n/a
CAR-UNet,3,0.8382 ± 0.0031,0.8310 ± 0.0126,0.8557 ± 0.0151,0.9860 ± 0.0014,0.8626 ± 0.0057,0.8572 ± 0.0125
CAR-UNet + Improvement 4 (setting chosen on validation),3,0.8387 ± 0.0035,0.8343 ± 0.0074,0.8530 ± 0.0033,0.9860 ± 0.0014,0.8632 ± 0.0065,n/a
CAR-UNet + DA,3,0.8408 ± 0.0021,0.8308 ± 0.0005,0.8620 ± 0.0049,0.9860 ± 0.0001,0.8631 ± 0.0020,0.8613 ± 0.0015
CAR-UNet + DA + Improvement 4 (setting chosen on validation),3,0.8410 ± 0.0021,0.8349 ± 0.0022,0.8577 ± 0.0042,0.9860 ± 0.0001,0.8635 ± 0.0019,n/a
CAR-UNet + DA + clDice,3,0.8382 ± 0.0050,0.8432 ± 0.0071,0.8430 ± 0.0048,0.9866 ± 0.0007,0.8718 ± 0.0041,0.8599 ± 0.0030
CAR-UNet + DA + clDice + Improvement 4 (setting chosen on validation),3,0.8381 ± 0.0051,0.8391 ± 0.0061,0.8473 ± 0.0068,0.9866 ± 0.0007,0.8711 ± 0.0043,n/a
CAR-UNet + DA + clDice @1024,2,0.8425 ± 0.0039,0.8286 ± 0.0020,0.8678 ± 0.0096,0.9876 ± 0.0000,0.8740 ± 0.0015,0.8805 ± 0.0006
CAR-UNet + DA + clDice @1024 + Improvement 4 (setting chosen on validation),2,0.8446 ± 0.0028,0.8464 ± 0.0016,0.8534 ± 0.0063,0.9878 ± 0.0004,0.8754 ± 0.0000,n/a
